[
  {
    "id": "10",
    "make": "Audi R8",
    "photo": "https://encrypted-tbn0.gstatic.com/images?q=tbn:ANd9GcRnPy2jBJXkAHQNztIp7EYyLJC8JUfOzwyoYitdg1MuTw&s",
    "firstyearcreated": "",
    "price": "$215,000",
    "horsepower": "562 to 602 hp(power range depending on trim)",
    "carorigin": "German"
  },
  {
    "id": "12",
    "make": "Mercedes AMG GT Black Series",
    "photo": "https://encrypted-tbn0.gstatic.com/images?q=tbn:ANd9GcQma_aq60DoaLBXeqfqWSQXRfGrRGCjpJT7zg&usqp=CAU",
    "firstyearcreated": "",
    "price": "$315,000",
    "horsepower": "702 hp",
    "carorigin": ""
  },
  {
    "id": "14",
    "make": "BMW M5",
    "photo": "https://encrypted-tbn0.gstatic.com/images?q=tbn:ANd9GcTeHBhK7unoW7a6b7_-oWIDlhTR7V5yTULxoA&usqp=CAU",
    "firstyearcreated": "",
    "price": "$130,000",
    "horsepower": "600 to 617 hp(power range depending on trim)",
    "carorigin": "German"
  },
  {
    "id": "16",
    "make": "Ford Focus RS",
    "photo": "https://encrypted-tbn0.gstatic.com/images?q=tbn:ANd9GcSkXC6JpLyaX7zIAp_qVnnsjxYC8dDv5Eaucg&usqp=CAU",
    "firstyearcreated": "",
    "price": "$41,000",
    "horsepower": "350 hp",
    "carorigin": "American"
  },

  {
    "id": "18",
    "make": "Honda Civic Type R",
    "photo": "https://encrypted-tbn0.gstatic.com/images?q=tbn:ANd9GcSX8hhRLoGVHmkYr0qmIYVaR-DgZ1r6XNY0a_7wJ88JcQ&s",
    "firstyearcreated": "",
    "price": "$42,000",
    "horsepower": "315 hp",
    "carorigin": ""
  },
  {
    "id": "20",
    "make": "Subaru WRX STI",
    "photo": "https://encrypted-tbn0.gstatic.com/images?q=tbn:ANd9GcSyR9fNyzf2xaLPVl4qbyxol9LW4VD5fjuCgMqmujUXbQ&s",
    "firstyearcreated": "",
    "price": "$38,000",
    "horsepower": "310 hp",
    "carorigin": "Japan"
  },
  {
    "id": "22",
    "make": "Volkswagen Golf R",
    "photo": "https://encrypted-tbn0.gstatic.com/images?q=tbn:ANd9GcR2bNnKjPTsfo_WJdL6OcGotrZXADsDafS8eodMiX3Utw&s",
    "firstyearcreated": "",
    "price": "$47,000",
    "horsepower": "315 hp",
    "carorigin": ""
  },
  {
    "id": "24",
    "make": "Mitsubishi EVO",
    "photo": "https://encrypted-tbn0.gstatic.com/images?q=tbn:ANd9GcR-RfLmij25USazgG1zh_Mik-5pWW5MQ406mB8flPkqaA&s",
    "firstyearcreated": "",
    "price": "$40,500",
    "horsepower": "303 hp",
    "carorigin": "Japan"
  },
  {
    "id": "26",
    "make": "Kia Stinger",
    "photo": "https://www.kbb.com/wp-content/uploads/2021/03/2022-kia-stinger-gt-driving-front-3qtr-16x9-1.jpg?w=763",
    "firstyearcreated": "",
    "price": "$42,000",
    "horsepower": "300 to 368 hp(power range depending on trim)",
    "carorigin": "Korean"
  }
]