[
  {

    "itemName": "Aftermarket Catback Exhaust",
    "image": "https://encrypted-tbn0.gstatic.com/images?q=tbn:ANd9GcSVDu_dqsIp563SqSrguRpuGFdRFQLHOmDFuQ&usqp=CAU",
    "price": "$1,000 to upwards of $2,000 or so",
    "itemfocus": "improves sound on vehicle",
    "idealfor": "",
    "wellknownparts": "Invidia R400 catback exhaust, AWE touring/track catback exhaust, tomei extreme catback exhaust, cobb catback exhaust" 
  },

  {

    "itemName": "Coilovers",
    "image": "https://encrypted-tbn0.gstatic.com/images?q=tbn:ANd9GcS4E1qX-miWLOlwhPD5V5QsW8qkTThgoigNe26d5h75Mw&s",
    "price": "$1,100-3,000 depending on brand and quality",
    "itemfocus": "Lowers ride height and assists in cornering",
    "idealfor": "",
    "wellknownparts": "Fortune auto 500 coilovers, BC racing coilovers, Tein coilovers "
  },

  {

    "itemName": "Short Throw Shifter",
    "image": "https://encrypted-tbn0.gstatic.com/images?q=tbn:ANd9GcQ9vdIkWAGaSmjTagFRsQokcUND-5fAb_ai3kH1azv-GQ&s",
    "price": "$200-300",
    "itemfocus": "Decreases Shifter Length Throw",
    "idealfor": "",
    "wellknownparts": "Kartboy short shiter, boomba racing short shifter, Billetworkz short shifter "

  },

  {

    "itemName": "Sway Bar kit",
    "image": "https://encrypted-tbn0.gstatic.com/images?q=tbn:ANd9GcQ4FMWxoTYa7chtas7idcaIf66rZaT1b57e2B3U6PU8WhHC7oQqBXzOQo3hK68lyhPCC0g&usqp=CAU",
    "price": "around $250-600  dependent on kit and brand",
    "itemfocus": "reduces body roll when cornering in vehicle",
    "idealfor": "",
    "wellknownparts": "whiteline swaybar kit, Eibach swaybar kit"

  },
  {

    "itemName": "Upgraded TurboCharger",
    "image": "https://encrypted-tbn0.gstatic.com/images?q=tbn:ANd9GcQafMLtDoGc0zen_6p63nrG2DbjepUs56eaRGSNYSqYUQ&s",
    "price": "$1,500 up to/past $2,000 ",
    "itemfocus": "upgraded turbo creats better turbo spool, and creates more power for vehicle to use",
    "idealfor": "",
    "wellknownparts": ""
  },

  {

    "itemName": "Carbon Fiber Steering Wheel",
    "image": "https://encrypted-tbn0.gstatic.com/images?q=tbn:ANd9GcRrfdRZenmVjxhRGeIYP3UgtNFsIyv1Bldwvg&usqp=CAU",
    "price": "$330-400 or so",
    "itemfocus": "Lighter steering wheel which decreases weight and improved driving feel through feel of the steering wheel",
    "idealfor": "",
    "wellknownparts": ""

  },

  {

    "itemName": "Aftermarket Wheels",
    "image": "https://encrypted-tbn0.gstatic.com/images?q=tbn:ANd9GcTc5_RaTK7W6AUyOrc41hWvxgtndGotKzr_kQ&usqp=CAU",
    "price": "$250-500, or more for one wheel, depending on brand",
    "itemfocus": "Improves the look and appeal to the owners own liking, a way of customizing your own vehicle",
    "idealfor": "",
    "wellknownparts":  ""

  },

  {

    "itemName": "Cold Air Intake",
    "image": "https://encrypted-tbn0.gstatic.com/images?q=tbn:ANd9GcT0mP-O6HsewI_Ps1jQExweRH7dFoPgsawK1g&usqp=CAU",
    "price": " $250-500, higher price for air intakes also including airbox",
    "itemfocus": "pulls cool air into the engine and the combustion chamber from outside air. helps the engine stay cooler when  the engine is in a hot under hood environment",
    "idealfor": "",
    "wellknownparts": "Cobb air intake with box, grimspeed cold air intake"

  },

  {
    "itemName": "Lowering Springs",
    "image": "https://encrypted-tbn0.gstatic.com/images?q=tbn:ANd9GcRMcKDO2G1UKKK0uqlTU9w160SN1CgaA4UioQ&usqp=CAU",
    "price": "$250-400 depending on brand",
    "itemfocus": "Lowers ride height of vehicles to aid in cornering, but isn't as benefical in cornering/track focused use, as coilovers , which is why coilovers are more expensive. Lowering springs also make vehicle stand out nicer by being lowered ",
    "idealfor": "",
    "wellknownparts": "RaceComp Engineering(RCE) lowering springs, Eibach lowering springs, whiteline lowering springs"

  }

]