[
  {
    "id": "10",
    "make": "Audi R8",
    "photo": "https://encrypted-tbn0.gstatic.com/images?q=tbn:ANd9GcRnPy2jBJXkAHQNztIp7EYyLJC8JUfOzwyoYitdg1MuTw&s",
    "firstyearintroduced": "2006",
    "price": "$215,000",
    "horsepower": "562 to 602 hp",
    "carorigin": "German",
    "maintenancecost": "$1,123",
      "enginesize": "5.2 liter V10"
    
  },
  {
    "id": "12",
    "make": "Mercedes AMG GT Black Series",
    "photo": "https://encrypted-tbn0.gstatic.com/images?q=tbn:ANd9GcQma_aq60DoaLBXeqfqWSQXRfGrRGCjpJT7zg&usqp=CAU",
    "firstyearintroduced": "2020",
    "price": "$315,000",
    "horsepower": "702 hp",
    "carorigin": "German",
    "maintenancecost": "$1,126",
    "enginesize": "4.0 liter V8"

  },
  {
    "id": "14",
    "make": "BMW M5",
    "photo": "https://encrypted-tbn0.gstatic.com/images?q=tbn:ANd9GcTeHBhK7unoW7a6b7_-oWIDlhTR7V5yTULxoA&usqp=CAU",
    "firstyearintroduced": "1984",
    "price": "$130,000",
    "horsepower": "600 to 617 hp",
    "carorigin": "German",
    "maintenancecost": "$1,173",
    "enginesize": "4.4 liter V8"
  },
  {
    "id": "16",
    "make": "Ford Focus RS",
    "photo": "https://encrypted-tbn0.gstatic.com/images?q=tbn:ANd9GcSkXC6JpLyaX7zIAp_qVnnsjxYC8dDv5Eaucg&usqp=CAU",
    "firstyearintroduced": "2002",
    "price": "$41,000",
    "horsepower": "350 hp",
    "carorigin": "American",
    "maintenancecost": "$900",
    "enginesize": "2.3 liter inline 4 cylinder"
  },

  {
    "id": "18",
    "make": "Honda Civic Type R",
    "photo": "https://encrypted-tbn0.gstatic.com/images?q=tbn:ANd9GcSX8hhRLoGVHmkYr0qmIYVaR-DgZ1r6XNY0a_7wJ88JcQ&s",
    "firstyearintroduced": "1997",
    "price": "$42,000",
    "horsepower": "315 hp",
    "carorigin": "Japan",
    "maintenancecost": "$700",
    "enginesize": "2.0 liter Inline 4 cylinder"
  },
  {
    "id": "20",
    "make": "Subaru WRX STI",
    "photo": "https://encrypted-tbn0.gstatic.com/images?q=tbn:ANd9GcSyR9fNyzf2xaLPVl4qbyxol9LW4VD5fjuCgMqmujUXbQ&s",
    "firstyearintroduced": "1994",
    "price": "$38,000",
    "horsepower": "310 hp",
    "carorigin": "Japan",
    "maintenancecost": "$800",
    "enginesize": "2.5 liter Flat 4(boxer engine)"
  },
  {
    "id": "22",
    "make": "Volkswagen Golf R",
    "photo": "https://encrypted-tbn0.gstatic.com/images?q=tbn:ANd9GcR2bNnKjPTsfo_WJdL6OcGotrZXADsDafS8eodMiX3Utw&s",
    "firstyearintroduced": "2011",
    "price": "$47,000",
    "horsepower": "315 hp",
    "carorigin": "German",
    "maintenancecost": "$903",
    "enginesize": "2.0 liter Inline 4 cylinder"
  },
  {
    "id": "24",
    "make": "Mitsubishi EVO",
    "photo": "https://encrypted-tbn0.gstatic.com/images?q=tbn:ANd9GcR-RfLmij25USazgG1zh_Mik-5pWW5MQ406mB8flPkqaA&s",
    "firstyearintroduced": "1992",
    "price": "$40,500",
    "horsepower": "303 hp",
    "carorigin": "Japan",
    "maintenancecost": "$800",
    "enginesize": "2.0 Liter inline 4 cylinder"
  },
  {
    "id": "26",
    "make": "Kia Stinger",
    "photo": "https://encrypted-tbn0.gstatic.com/images?q=tbn:ANd9GcT4lIWhqx9lv50dyiHjgBXECbkS5G-Fm7nk5XtCBNO0uA&s",
    "firstyearintroduced": "2018",
    "price": "$42,000",
    "horsepower": "300 to 368 hp",
    "carorigin": "Korean",
    "maintenancecost": "$700",
    "enginesize": "2.5 liter 4 cylinder, or 3.3 liter V6"
  }
]