[
  {

    "itemName": "Aftermarket Catback Exhaust",
    "image": "https://encrypted-tbn0.gstatic.com/images?q=tbn:ANd9GcSVDu_dqsIp563SqSrguRpuGFdRFQLHOmDFuQ&usqp=CAU",
    "price": "$1,000 to upwards of $2,000 or so, depending on brand and how high of quality of exhaust purchased",
    "itemfocus": "improves sound on vehicle",
    "idealfor": "",
    "wellknownparts": "Invidia R400 catback exhaust, AWE touring/track catback exhaust, tomei extreme catback exhaust, cobb catback exhaust" 
  },

  {

    "itemName": "Coilovers",
    "image": "https://encrypted-tbn0.gstatic.com/images?q=tbn:ANd9GcS4E1qX-miWLOlwhPD5V5QsW8qkTThgoigNe26d5h75Mw&s",
    "price": "$1,100 to close to $3,000 depending on brand and quality, and focus of certain set of coilovers(for example some are more for daily driving, others are much more track driving focused)",
    "itemfocus": "Lowers ride height and assists in cornering",
    "idealfor": "",
    "wellknownparts": "Fortune auto 500 coilovers, BC racing coilovers, Tein coilovers "
  },

  {

    "itemName": "Short Throw Shifter",
    "image": "https://encrypted-tbn0.gstatic.com/images?q=tbn:ANd9GcQ9vdIkWAGaSmjTagFRsQokcUND-5fAb_ai3kH1azv-GQ&s",
    "price": "$200-300",
    "itemfocus": "Decreases Shifter Length Throw",
    "idealfor": "",
    "wellknownparts": "Kartboy short shiter, boomba racing short shifter, Billetworkz short shifter "

  },

  {

    "itemName": "Sway Bar kit",
    "image": "https://encrypted-tbn0.gstatic.com/images?q=tbn:ANd9GcQ4FMWxoTYa7chtas7idcaIf66rZaT1b57e2B3U6PU8WhHC7oQqBXzOQo3hK68lyhPCC0g&usqp=CAU",
    "price": "around $250-600  for full kit depending on the brand and what each certain kit offers in terms of quality, quantity of items, and such",
    "itemfocus": "reduces body roll when cornering in vehicle",
    "idealfor": "",
    "wellknownparts": "whiteline swaybar kit, Eibach swaybar kit"

  },
  {

    "itemName": "Upgraded TurboCharger",
    "image": "https://encrypted-tbn0.gstatic.com/images?q=tbn:ANd9GcQafMLtDoGc0zen_6p63nrG2DbjepUs56eaRGSNYSqYUQ&s",
    "price": "$1,500 up to/past $2,000 ",
    "itemfocus": "upgraded turbo creats better turbo spool",
    "idealfor": "",
    "wellknownparts": ""
  },


  {

    "itemName": "Aftermarket Wheels",
    "image": "https://encrypted-tbn0.gstatic.com/images?q=tbn:ANd9GcSJsZU63kaloiC-DzXwfBec2v9jWXx1el3-wA&usqp=CAU",
    "price": "could be around $250-$300, or even more per wheel depending on the brand and such",
    "itemfocus": "Improves the look and appeal ",
    "idealfor": "",
    "wellknownparts": ""

  },

  {

    "itemName": "Cold Air Intake",
    "image": "https://encrypted-tbn0.gstatic.com/images?q=tbn:ANd9GcT0mP-O6HsewI_Ps1jQExweRH7dFoPgsawK1g&usqp=CAU",
    "price": " $250-500 for some air intakes containing airbox",
    "itemfocus": "pulls cool air into the engine",
    "idealfor": "",
    "wellknownparts": "Cobb air intake with box, grimspeed cold air intake"

  }

]