[
  {
    "racetype": "Track Racing",
    "pic": "https://encrypted-tbn0.gstatic.com/images?q=tbn:ANd9GcQiNmmfnBT-1NpnnWAQSqLzduNwEd_cgOIQiQ&usqp=CAU",
    "racefocus": "Cornering racing"

  },
  {
    "racetype": "Drag racing",
    "pic": "https://encrypted-tbn0.gstatic.com/images?q=tbn:ANd9GcRrsAs_w5ZIektq3-yNZu_yK9gZQEDUywwBrg&usqp=CAU",
    "racefocus": "Straight line speed racing"

  },
  {
    "racetype": "Rally Racing",
    "pic": "https://encrypted-tbn0.gstatic.com/images?q=tbn:ANd9GcRam0LLNzmlv146mfUxaVyqylEa7A1-is2Org&usqp=CAU",
    "racefocus": "suited for gravel road racing, and such"

  }
]